<?xml version="1.0" encoding="UTF-8"?>	<widget xmlns = "http://www.w3.org/ns/widgets"		xmlns:gap = "http://phonegap.com/ns/1.0"		id        = "com.furg.furgnews"		versionCode="1"		version   = "1">		<name>FURG News</name>		<description>		</description>		<author href="marcosmartinsjr.com" email="ismael_bvb@hotmail.com">marcos e ismael		</author>		<content src="index.html"/>		<preference name="phonegap-version" value="3.7.0" />		<preference name="orientation" value="default" />		<preference name="fullscreen" value="true" />		<preference name="target-device" value="universal" />		<preference name="webviewbounce" value="true" />		<preference name="prerendered-icon" value="true" />		<preference name="stay-in-webview" value="true" />		<preference name="ios-statusbarstyle" value="default" />		<preference name="detect-data-types" value="true" />		<preference name="exit-on-suspend" value="true" />		<preference name="show-splash-screen-spinner" value="true" />		<preference name="auto-hide-splash-screen" value="true" />		<preference name="EnableViewportScale" value="true" />		<preference name="MediaPlaybackRequiresUserAction" value="true" />		<preference name="AllowInlineMediaPlayback" value="true" />		<preference name="BackupWebStorage" value="cloud" />		<preference name="TopActivityIndicator" value="gray" />		<preference name="KeyboardDisplayRequiresUserAction" value="true" />		<preference name="HideKeyboardFormAccessoryBar" value="true" />		<preference name="SuppressesIncrementalRendering" value="true" />		<preference name="android-minSdkVersion" value="10" />		<preference name="android-installLocation" value="internalOnly" />		<preference name="SplashScreenDelay" value="5000" />		<preference name="ErrorUrl" value=""/>		<preference name="BackgroundColor" value="0x000000"/>		<preference name="KeepRunning" value="true"/>		<preference name="DisallowOverscroll" value="true"/>		<preference name="LoadingDialog" value=","/> 		<preference name="LoadUrlTimeoutValue" value="20000" />		<preference name="disable-cursor" value="true" />		<gap:platform name="android" />		<gap:platform name="winphone" />		<feature name="http://api.phonegap.com/1.0/network"/>		<feature name="http://api.phonegap.com/1.0/network"/>						<gap:plugin name="cordova-plugin-x-socialsharing" source="npm" />		<gap:plugin name="cordova-plugin-x-toast" source="npm" />		<gap:plugin name="cordova-plugin-calendar" source="npm" />		<gap:plugin name="org.apache.cordova.inappbrowser"  />		<gap:plugin name="org.apache.cordova.network-information"  />		<gap:plugin name="org.apache.cordova.splashscreen"  />		<access origin="*" />		<allow-intent href="*" />		<access origin="http://*.jwplatform.com" />		<allow-navigation href="*" />	</widget>