{
	"selection": [
		{
			"order": 23,
			"id": 44,
			"prevSize": 32,
			"code": 58902,
			"name": "playlist",
			"tempChar": ""
		},
		{
			"order": 24,
			"id": 35,
			"name": "play",
			"prevSize": 32,
			"code": 58894,
			"tempChar": ""
		},
		{
			"order": 2,
			"id": 36,
			"name": "pause",
			"prevSize": 32,
			"code": 58893,
			"tempChar": ""
		},
		{
			"order": 3,
			"id": 37,
			"name": "prev",
			"prevSize": 32,
			"code": 58895,
			"tempChar": ""
		},
		{
			"order": 4,
			"id": 38,
			"name": "next",
			"prevSize": 32,
			"code": 58892,
			"tempChar": ""
		},
		{
			"order": 5,
			"id": 18,
			"prevSize": 32,
			"code": 58880,
			"name": "audio-tracks",
			"tempChar": "",
			"ligatures": ""
		},
		{
			"order": 6,
			"id": 43,
			"prevSize": 32,
			"code": 58883,
			"name": "cast",
			"tempChar": ""
		},
		{
			"order": 7,
			"id": 42,
			"name": "cast.jw-off",
			"prevSize": 32,
			"code": 58882,
			"tempChar": ""
		},
		{
			"order": 8,
			"id": 33,
			"name": "hd.jw-off",
			"prevSize": 32,
			"code": 58889,
			"tempChar": ""
		},
		{
			"order": 9,
			"id": 32,
			"name": "hd",
			"prevSize": 32,
			"code": 58890,
			"tempChar": ""
		},
		{
			"order": 10,
			"id": 24,
			"name": "cc.jw-off",
			"prevSize": 32,
			"code": 58884,
			"tempChar": ""
		},
		{
			"order": 11,
			"id": 23,
			"name": "cc",
			"prevSize": 32,
			"code": 58885,
			"tempChar": ""
		},
		{
			"order": 12,
			"id": 41,
			"name": "volume.jw-off",
			"prevSize": 32,
			"code": 58897,
			"tempChar": ""
		},
		{
			"order": 22,
			"id": 40,
			"name": "volume",
			"prevSize": 32,
			"code": 58898,
			"tempChar": ""
		},
		{
			"order": 21,
			"id": 30,
			"name": "fullscreen",
			"prevSize": 32,
			"code": 58888,
			"tempChar": ""
		},
		{
			"order": 13,
			"id": 31,
			"name": "fullscreen.jw-off",
			"prevSize": 32,
			"code": 58899,
			"tempChar": ""
		},
		{
			"order": 14,
			"id": 25,
			"name": "more",
			"prevSize": 32,
			"code": 58900,
			"tempChar": ""
		},
		{
			"order": 15,
			"id": 26,
			"name": "close",
			"prevSize": 32,
			"code": 58901,
			"tempChar": ""
		},
		{
			"order": 16,
			"id": 27,
			"name": "buffer",
			"prevSize": 32,
			"code": 58881,
			"tempChar": ""
		},
		{
			"order": 17,
			"id": 39,
			"name": "replay",
			"prevSize": 32,
			"code": 58896,
			"tempChar": "",
			"ligatures": ""
		},
		{
			"order": 18,
			"id": 29,
			"name": "error",
			"prevSize": 32,
			"code": 58887,
			"tempChar": ""
		},
		{
			"order": 19,
			"id": 28,
			"name": "cue",
			"prevSize": 32,
			"code": 58886,
			"tempChar": ""
		},
		{
			"order": 20,
			"id": 34,
			"name": "jw-logo",
			"prevSize": 32,
			"code": 58891,
			"tempChar": ""
		}
	],
	"metadata": {
		"name": "jw7-icomoon-icon-setup",
		"importSize": {
			"width": 512,
			"height": 512
		},
		"iconsHash": -1939628985
	},
	"height": 1024,
	"prevSize": 32,
	"icons": [
		{
			"paths": [
				"M423.252 68.266h532.48v88.748h-532.48v-88.746z",
				"M423.252 423.252h532.48v88.748h-532.48v-88.748z",
				"M423.252 778.24h532.48v88.746h-532.48v-88.746z",
				"M68.266 68.266h177.492v177.492h-177.492v-177.492z",
				"M68.266 423.252h177.492v177.492h-177.492v-177.492z",
				"M68.266 778.24h177.492v177.492h-177.492v-177.492z"
			],
			"attrs": [
				{},
				{},
				{},
				{},
				{},
				{}
			],
			"isMulticolor": false,
			"tags": [
				"playlist"
			],
			"defaultCode": 58902,
			"grid": 32
		},
		{
			"paths": [
				"M1024 512l-896 448v-896l896 448z"
			],
			"attrs": [
				{}
			],
			"isMulticolor": false,
			"tags": [
				"play"
			],
			"defaultCode": 58894,
			"grid": 32
		},
		{
			"paths": [
				"M640 960v-896h256v896h-256zM128 64h256v896h-256v-896z"
			],
			"width": 1024,
			"attrs": [
				{}
			],
			"isMulticolor": false,
			"tags": [
				"pause"
			],
			"defaultCode": 58893,
			"grid": 32
		},
		{
			"paths": [
				"M185.6 960v-896h-112v896h112zM1081.6 64l-896 448 896 448v-896z"
			],
			"width": 1152,
			"attrs": [
				{}
			],
			"isMulticolor": false,
			"tags": [
				"prev"
			],
			"defaultCode": 58895,
			"grid": 32
		},
		{
			"paths": [
				"M966.4 960v-896h112v896h-112zM70.4 64l896 448-896 448v-896z"
			],
			"width": 1152,
			"attrs": [
				{}
			],
			"isMulticolor": false,
			"tags": [
				"next"
			],
			"defaultCode": 58892,
			"grid": 32
		},
		{
			"paths": [
				"M319.968 930.048v29.952c-123.712 0-224-100.288-224-224 0-32.832 7.104-63.968 19.68-92.096-12.672-41.856-19.68-86.016-19.68-131.872 0-247.456 200.512-448.032 448-448.032 247.424 0 447.968 200.576 447.968 448.032 0 45.92-6.912 90.112-19.68 131.872 12.704 28.128 19.68 59.264 19.68 92.096 0 123.712-100.32 224-224 224v-448c55.584 0 106.304 20.16 145.6 53.792 2.496-17.696 3.712-35.52 3.712-53.792 0-206.112-167.264-373.376-373.312-373.376s-373.344 167.264-373.344 373.376c0 18.208 1.248 36.096 3.712 53.792 39.36-33.632 90.112-53.792 145.6-53.792v418.048h0.064zM917.312 64v149.344h522.688v-149.344h-522.688zM1066.624 287.968v149.312h373.376v-149.312h-373.376zM1141.344 512v149.344h298.656v-149.344h-298.656z"
			],
			"width": 1536,
			"attrs": [
				{}
			],
			"isMulticolor": false,
			"tags": [
				"audio-tracks"
			],
			"defaultCode": 58880,
			"grid": 32
		},
		{
			"paths": [
				"M640 896c-3.2-16-6.4-48-12.8-64h524.8v-704h-960v275.2c-16-3.2-51.2-9.6-64-12.8v-326.4h1088v832h-576zM256 432v-240h832v576h-480c-64-163.2-185.6-275.2-352-336v0zM556.8 960h-89.6c-22.4-204.8-192-371.2-403.2-390.4v-89.6c262.4 22.4 470.4 224 492.8 480v0zM377.6 960h-89.6c-19.2-108.8-108.8-195.2-220.8-214.4v-89.6c160 22.4 288 147.2 310.4 304v0zM192 960h-128v-124.8c64 16 112 64 128 124.8v0z"
			],
			"width": 1280,
			"attrs": [
				{}
			],
			"isMulticolor": false,
			"tags": [
				"cast"
			],
			"defaultCode": 58883,
			"grid": 32
		},
		{
			"paths": [
				"M638.784 894.432c-3.296-14.688-7.2-47.36-11.456-61.696h523.776v-705.056h-954.432v279.488c-14.688-4.224-49.792-11.968-64.768-15.264v-327.904h1084.096v830.432h-577.216zM555.616 959.744h-90.016c-21.12-206.048-189.856-370.4-401.6-390.88v-87.68c261.632 21.088 470.016 224 491.712 478.816l-0.096-0.256zM374.944 959.744h-90.624c-19.008-109.44-107.776-195.872-220.352-214.432v-88.384c162.304 19.872 290.784 144.8 311.040 302.816h-0.064zM192.672 959.744h-128.672v-125.184c63.008 15.744 112.512 64 128.832 125.248l-0.16-0.064z"
			],
			"width": 1280,
			"attrs": [
				{}
			],
			"isMulticolor": false,
			"tags": [
				"cast.jw-off"
			],
			"defaultCode": 58882,
			"grid": 32
		},
		{
			"paths": [
				"M64 960v-896h1408v896h-1408zM1398.4 137.6h-1260.8v745.6h1260.8v-745.6zM457.6 457.6h182.4v-172.8h96v448h-96v-192h-182.4v192h-99.2v-448h99.2v172.8zM1062.4 300.8c25.6 9.6 44.8 22.4 64 41.6s32 41.6 41.6 70.4 16 60.8 16 96c0 32-3.2 64-12.8 89.6-9.6 28.8-22.4 51.2-38.4 70.4s-38.4 35.2-64 48-54.4 16-89.6 16h-176v-448h176c28.8 3.2 57.6 6.4 83.2 16v0zM902.4 368v281.6h70.4c12.8 0 28.8-3.2 41.6-6.4s25.6-12.8 35.2-22.4c9.6-9.6 19.2-25.6 25.6-41.6s9.6-38.4 9.6-64c0-22.4-3.2-41.6-6.4-60.8s-12.8-35.2-22.4-48c-9.6-12.8-22.4-22.4-38.4-28.8s-38.4-9.6-60.8-9.6h-54.4z"
			],
			"width": 1536,
			"attrs": [
				{}
			],
			"isMulticolor": false,
			"tags": [
				"hd.jw-off"
			],
			"defaultCode": 58889,
			"grid": 32
		},
		{
			"paths": [
				"M1321.6 960h-1110.4c-83.2 0-150.4-67.2-150.4-150.4v-595.2c-0-83.2 67.2-150.4 150.4-150.4h1110.4c83.2 0 150.4 67.2 150.4 150.4v595.2c-0 83.2-67.2 150.4-150.4 150.4zM732.8 291.2h-96v172.8h-179.2v-172.8h-99.2v448h99.2v-192h179.2v192h96v-448zM1164.8 416c-9.6-28.8-25.6-51.2-41.6-70.4-19.2-19.2-38.4-32-64-41.6s-51.2-12.8-80-12.8h-176v448h176c35.2 0 64-6.4 89.6-16 25.6-12.8 44.8-28.8 64-48 16-19.2 28.8-44.8 38.4-70.4 9.6-28.8 12.8-57.6 12.8-89.6-3.2-38.4-6.4-70.4-19.2-99.2v0 0zM1045.6 642.4c-9.6 9.8-22.4 19.6-35.2 22.9s-25.6 6.5-41.6 6.5h-70.4v-287.3h54.4c25.6 0 44.8 3.3 60.8 9.8s28.8 16.3 38.4 29.4 16 29.4 22.4 49c3.2 19.6 6.4 39.2 6.4 62 0 26.1-3.2 45.7-9.6 65.3-6.4 16.3-16 32.6-25.6 42.4v0 0z"
			],
			"width": 1536,
			"attrs": [
				{}
			],
			"isMulticolor": false,
			"tags": [
				"hd"
			],
			"defaultCode": 58890,
			"grid": 32
		},
		{
			"paths": [
				"M64 960v-896h1408v896h-1408zM1397.888 138.656h-1259.776v746.656h1259.776v-746.656zM409.344 353.664c17.792-20.384 39.808-36.416 65.792-47.968 25.952-11.648 55.296-17.472 87.904-17.472 23.392 0 45.568 3.424 66.464 10.24 20.896 6.688 39.584 16.672 56.096 29.728 16.448 13.024 30.080 29.088 40.768 48.352 10.752 19.2 17.504 41.216 20.288 65.984h-90.4c-1.696-10.816-5.216-20.672-10.816-29.696-5.568-8.96-12.608-16.864-20.896-23.744-8.288-6.688-17.792-12.096-28.32-15.904-10.528-3.712-21.472-5.632-33.056-5.632-21.056 0-38.912 4.16-53.664 12.352-14.656 8.224-26.688 19.2-35.712 32.992-9.12 13.824-15.808 29.568-20 47.008-4.128 17.728-6.24 35.872-6.24 54.784 0 17.952 2.080 35.488 6.24 52.544 4.224 16.96 10.912 32.288 20 45.856 9.12 13.664 21.056 24.512 35.712 32.672 14.816 8.256 32.64 12.352 53.664 12.352 28.608 0 50.976-8.768 67.072-26.432 16-17.632 25.952-40.832 29.408-69.664h90.528c-2.432 26.912-8.576 51.072-18.496 72.672-9.952 21.696-22.976 40.096-39.264 55.296-16.32 15.232-35.424 26.848-57.312 34.816-21.856 8.032-45.952 11.968-72.096 11.968-32.608 0-61.888-5.632-87.904-17.152-25.92-11.232-47.936-26.976-65.952-47.040-17.792-20-31.488-43.52-40.96-70.592-9.664-27.008-14.4-56.096-14.4-87.328 0-32.096 4.896-61.728 14.464-89.184 9.472-27.296 23.168-51.264 41.056-71.648v-0.16zM850.848 353.664c17.792-20.384 39.904-36.416 65.984-47.968 25.92-11.648 55.2-17.472 87.808-17.472 23.392 0 45.568 3.424 66.464 10.24 20.736 6.688 39.488 16.672 55.968 29.728 16.512 13.024 30.144 29.088 40.736 48.352 10.816 19.2 17.568 41.216 20.384 65.984h-90.624c-1.504-10.816-5.216-20.672-10.656-29.696-5.632-8.96-12.608-16.864-20.896-23.744-8.16-6.688-17.824-12.096-28.192-15.904-10.592-3.712-21.6-5.632-33.12-5.632-21.056 0-38.976 4.16-53.664 12.352-14.816 8.224-26.656 19.2-35.776 32.992-9.184 13.824-15.808 29.568-20 47.008-4.128 17.728-6.24 35.872-6.24 54.784 0 17.952 2.080 35.488 6.24 52.544 4.224 16.96 10.816 32.288 20 45.856 9.12 13.664 21.056 24.512 35.712 32.672 14.624 8.256 32.608 12.352 53.6 12.352 28.608 0 50.912-8.768 67.072-26.432 16.064-17.632 25.92-40.832 29.504-69.664h90.56c-2.4 26.912-8.544 51.072-18.56 72.672-9.856 21.696-22.944 40.096-39.264 55.296-16.32 15.232-35.36 26.848-57.216 34.816-21.888 8.032-45.952 11.968-72.096 11.968-32.608 0-61.888-5.632-87.904-17.152-25.952-11.232-48-26.976-65.952-47.040-17.792-20-31.488-43.52-41.056-70.592-9.472-27.008-14.272-56.096-14.272-87.328 0-32.096 4.8-61.728 14.272-89.184 9.664-27.296 23.264-51.264 41.12-71.648l0.064-0.16z"
			],
			"width": 1536,
			"attrs": [
				{}
			],
			"isMulticolor": false,
			"tags": [
				"cc.jw-off"
			],
			"defaultCode": 58884,
			"grid": 32
		},
		{
			"paths": [
				"M1323.776 960h-1111.552c-81.888 0-148.224-66.848-148.224-149.344v-597.344c0-82.496 66.336-149.312 148.224-149.312h1111.552c81.888 0 148.224 66.816 148.224 149.312v597.344c0 82.496-66.336 149.344-148.224 149.344zM453.632 459.968c4.224-17.536 10.88-33.28 20-47.040 9.12-13.92 21.056-24.864 35.712-33.088 14.816-8.224 32.608-12.32 53.664-12.32 11.552 0 22.528 1.856 33.056 5.664 10.528 3.872 20 9.184 28.288 15.968 8.416 6.88 15.36 14.784 20.896 23.744 5.568 8.96 9.12 18.88 10.72 29.728h90.432c-2.752-24.768-9.472-46.848-20.256-66.016-10.656-19.264-24.288-35.328-40.736-48.416-16.544-12.992-35.2-22.912-56-29.696-20.704-6.72-42.976-10.24-66.4-10.24-32.608 0-61.92 5.856-87.904 17.472-25.92 11.552-47.968 27.616-65.952 48-17.792 20.416-31.488 44.352-40.96 71.68-9.664 27.456-14.336 57.152-14.336 89.216 0 31.2 4.736 60.32 14.336 87.328 9.472 27.072 23.232 50.56 41.024 70.56s39.808 35.84 65.824 47.072c25.952 11.456 55.296 17.152 87.872 17.152 26.24 0 50.272-3.936 72.096-11.904 21.92-8 40.896-19.648 57.216-34.912 16.32-15.2 29.376-33.632 39.328-55.264 9.92-21.664 16.096-45.76 18.528-72.672h-90.56c-3.552 28.832-13.344 52.032-29.504 69.696-16.16 17.632-38.528 26.432-67.168 26.432-21.024 0-38.88-4.16-53.664-12.352-14.656-8.224-26.656-19.136-35.68-32.672-9.12-13.568-15.808-28.896-20-45.952-4.128-17.184-6.176-34.656-6.176-52.64 0-18.784 2.048-37.056 6.176-54.656h0.128v0.128zM895.328 459.968c4.192-17.536 10.784-33.28 20-47.040 9.024-13.92 20.992-24.864 35.584-33.088 14.816-8.224 32.64-12.32 53.728-12.32 11.488 0 22.528 1.856 33.056 5.664 10.336 3.872 20 9.184 28.16 15.968 8.48 6.88 15.328 14.784 20.96 23.744 5.536 8.96 9.088 18.88 10.656 29.728h90.656c-2.816-24.768-9.696-46.848-20.352-66.016-10.656-19.264-24.288-35.328-40.704-48.416-16.544-12.992-35.264-22.912-56.032-29.696-20.864-6.72-42.976-10.24-66.464-10.24-32.64 0-61.888 5.856-87.872 17.472-25.984 11.552-48 27.616-65.984 48-17.824 20.416-31.456 44.352-41.056 71.68-9.472 27.456-14.24 57.152-14.24 89.216 0 31.2 4.768 60.32 14.24 87.328 9.664 27.072 23.296 50.56 41.088 70.56 17.856 20 39.872 35.84 65.984 47.072 25.984 11.456 55.232 17.152 87.808 17.152 26.208 0 50.208-3.936 72.096-11.904 21.888-8 40.896-19.648 57.216-34.912 16.32-15.2 29.44-33.632 39.296-55.264 10.016-21.696 16.192-45.76 18.528-72.672h-90.528c-3.712 28.832-13.376 52.032-29.536 69.696-16.16 17.632-38.496 26.432-67.072 26.432-21.024 0-38.944-4.16-53.664-12.352-14.848-8.224-26.72-19.136-35.776-32.672-9.184-13.568-15.776-28.896-20-45.952-4.192-17.184-6.208-34.656-6.208-52.64 0-18.784 2.016-37.056 6.208-54.656h0.192v0.128z"
			],
			"width": 1536,
			"attrs": [
				{}
			],
			"isMulticolor": false,
			"tags": [
				"cc"
			],
			"defaultCode": 58885,
			"grid": 32
		},
		{
			"paths": [
				"M64 652.8v-275.2h204.8l275.2-204.8v684.8l-275.2-204.8h-204.8z"
			],
			"width": 1216,
			"attrs": [
				{}
			],
			"isMulticolor": false,
			"tags": [
				"volume.jw-off"
			],
			"defaultCode": 58897,
			"grid": 32
		},
		{
			"paths": [
				"M985.6 960l-41.6-35.2c102.4-105.6 166.4-252.8 166.4-412.8s-64-304-166.4-412.8l41.6-35.2c112 115.2 182.4 275.2 182.4 448s-70.4 332.8-182.4 448v0zM822.4 828.8l-41.6-35.2c76.8-70.4 124.8-169.6 124.8-281.6s-48-211.2-124.8-281.6l41.6-35.2c86.4 80 140.8 192 140.8 316.8-3.2 124.8-54.4 240-140.8 316.8v0zM627.2 649.6c44.8-28.8 73.6-80 73.6-134.4 0-57.6-28.8-105.6-73.6-134.4l41.6-35.2c51.2 38.4 86.4 102.4 86.4 172.8s-35.2 131.2-86.4 172.8l-41.6-41.6zM64 652.8v-275.2h204.8l275.2-204.8v684.8l-275.2-204.8h-204.8z"
			],
			"width": 1216,
			"attrs": [
				{}
			],
			"isMulticolor": false,
			"tags": [
				"volume"
			],
			"defaultCode": 58898,
			"grid": 32
		},
		{
			"paths": [
				"M64 960v-396.8l128 128 176-176 140.8 140.8-176 176 128 128h-396.8zM563.2 64h396.8v396.8l-128-128-176 176-140.8-140.8 176-176-128-128z"
			],
			"attrs": [
				{}
			],
			"isMulticolor": false,
			"tags": [
				"fullscreen"
			],
			"defaultCode": 58888,
			"grid": 32
		},
		{
			"paths": [
				"M809.6 332.8l112 112h-342.4v-342.4l112 112 150.4-150.4 121.6 121.6-153.6 147.2zM336 809.6l-150.4 150.4-121.6-121.6 150.4-150.4-112-112h342.4v342.4l-108.8-108.8z"
			],
			"attrs": [
				{}
			],
			"isMulticolor": false,
			"tags": [
				"fullscreen.jw-off"
			],
			"defaultCode": 58899,
			"grid": 32
		},
		{
			"paths": [
				"M396.8 518.4c0 91.9-74.5 166.4-166.4 166.4s-166.4-74.5-166.4-166.4c0-91.9 74.5-166.4 166.4-166.4s166.4 74.5 166.4 166.4z",
				"M931.2 518.4c0 91.9-74.5 166.4-166.4 166.4s-166.4-74.5-166.4-166.4c0-91.9 74.5-166.4 166.4-166.4s166.4 74.5 166.4 166.4z",
				"M1472 518.4c0 91.9-74.5 166.4-166.4 166.4s-166.4-74.5-166.4-166.4c0-91.9 74.5-166.4 166.4-166.4s166.4 74.5 166.4 166.4z"
			],
			"width": 1536,
			"attrs": [
				{},
				{},
				{}
			],
			"isMulticolor": false,
			"tags": [
				"more"
			],
			"defaultCode": 58900,
			"grid": 32
		},
		{
			"paths": [
				"M675.2 512l246.4 246.4c48 48 48 124.8 0 163.2-48 48-124.8 48-163.2 0l-246.4-246.4-246.4 246.4c-48 48-124.8 48-163.2 0-48-48-48-124.8 0-163.2l246.4-246.4-246.4-246.4c-48-48-48-124.8 0-163.2 48-48 124.8-48 163.2 0l246.4 246.4 246.4-246.4c48-48 124.8-48 163.2 0 48 48 48 124.8 0 163.2l-246.4 246.4z"
			],
			"attrs": [
				{}
			],
			"isMulticolor": false,
			"tags": [
				"close"
			],
			"defaultCode": 58901,
			"grid": 32
		},
		{
			"paths": [
				"M138.656 512c0 206.144 167.136 373.344 373.344 373.344 206.144 0 373.344-167.2 373.344-373.344h74.656c0 247.392-200.608 448-448 448-247.424 0-448-200.608-448-448 0-247.424 200.576-448 448-448v74.656c-206.208 0-373.344 167.136-373.344 373.344v0z"
			],
			"attrs": [
				{}
			],
			"isMulticolor": false,
			"tags": [
				"buffer"
			],
			"defaultCode": 58881,
			"grid": 32
		},
		{
			"paths": [
				"M780.8 348.8c35.2 57.6 54.4 124.8 54.4 195.2 0 211.2-172.8 384-384 384s-384-172.8-384-384 172.8-384 384-384v-128l320 172.8-320 179.2v-128c-160 0-288 128-288 288s128 288 288 288 288-128 288-288c0-54.4-16-105.6-41.6-147.2l83.2-48z"
			],
			"width": 896,
			"attrs": [
				{}
			],
			"isMulticolor": false,
			"tags": [
				"replay"
			],
			"defaultCode": 58896,
			"grid": 32
		},
		{
			"paths": [
				"M64 944l512-896 512 896h-1024zM576 832c19.2 0 35.2-16 35.2-38.4 0-19.2-16-38.4-35.2-38.4s-35.2 16-35.2 38.4 16 38.4 35.2 38.4zM611.2 345.6c0-19.2-16-38.4-35.2-38.4s-35.2 16-35.2 38.4v297.6c0 19.2 16 38.4 35.2 38.4s35.2-16 35.2-38.4v-297.6z"
			],
			"width": 1152,
			"attrs": [
				{}
			],
			"isMulticolor": false,
			"tags": [
				"error"
			],
			"defaultCode": 58887,
			"grid": 32
		},
		{
			"paths": [
				"M800 512c0 159.008-128.928 288-288 288s-288-128.992-288-288 128.928-288 288-288 288 128.992 288 288z"
			],
			"attrs": [
				{}
			],
			"isMulticolor": false,
			"tags": [
				"cue"
			],
			"defaultCode": 58886,
			"grid": 32
		},
		{
			"paths": [
				"M144 518.4c0 6.4-6.4 6.4-6.4 0l-3.2-12.8c0 0-6.4-19.2-12.8-38.4 0-6.4-6.4-12.8-9.6-22.4-6.4-6.4-16-9.6-28.8-6.4-9.6 3.2-16 12.8-16 22.4s0 16 0 25.6c3.2 25.6 22.4 121.6 32 140.8 9.6 22.4 35.2 32 54.4 22.4 22.4-9.6 28.8-35.2 38.4-54.4 9.6-25.6 60.8-166.4 60.8-166.4 6.4-12.8 9.6-12.8 9.6 0 0 0 0 140.8-3.2 204.8 0 25.6 0 67.2 9.6 89.6 6.4 16 12.8 28.8 25.6 38.4s28.8 12.8 44.8 12.8c6.4 0 16-3.2 22.4-6.4 9.6-6.4 16-12.8 25.6-22.4 16-19.2 28.8-44.8 38.4-64 25.6-51.2 89.6-201.6 89.6-201.6 6.4-12.8 9.6-12.8 9.6 0 0 0-9.6 256-9.6 355.2 0 25.6 6.4 48 12.8 70.4 9.6 22.4 22.4 38.4 44.8 48s48 9.6 70.4-3.2c16-9.6 28.8-25.6 38.4-38.4 12.8-22.4 25.6-48 32-70.4 19.2-51.2 35.2-102.4 51.2-153.6s153.6-540.8 163.2-582.4c0-6.4 0-9.6 0-12.8 0-9.6-6.4-19.2-16-22.4-16-6.4-32 0-38.4 12.8-6.4 16-195.2 470.4-195.2 470.4-6.4 12.8-9.6 12.8-9.6 0 0 0 0-156.8 0-288 0-70.4-35.2-108.8-83.2-118.4-22.4-3.2-44.8 0-67.2 12.8s-35.2 32-48 54.4c-16 28.8-105.6 297.6-105.6 297.6-6.4 12.8-9.6 12.8-9.6 0 0 0-3.2-115.2-6.4-144-3.2-41.6-12.8-108.8-67.2-115.2-51.2-3.2-73.6 57.6-86.4 99.2-9.6 25.6-51.2 163.2-51.2 163.2l0 3.2z"
			],
			"width": 992,
			"attrs": [
				{}
			],
			"isMulticolor": false,
			"tags": [
				"jw-logo"
			],
			"defaultCode": 58891,
			"grid": 32
		}
	],
	"colorThemes": [
		[
			[
				68,
				68,
				68,
				1
			]
		]
	],
	"colorThemeIdx": 0,
	"preferences": {
		"showGlyphs": true,
		"showQuickUse": true,
		"showQuickUse2": true,
		"showSVGs": true,
		"fontPref": {
			"prefix": "jw-icon-",
			"metadata": {
				"fontFamily": "jw-six-icons",
				"majorVersion": 1,
				"minorVersion": 1
			},
			"metrics": {
				"emSize": 1024,
				"baseline": 6.25,
				"whitespace": 50
			},
			"showSelector": true,
			"showMetrics": true,
			"showMetadata": true,
			"showVersion": true,
			"embed": false,
			"selector": "",
			"classSelector": ".jwplayerjw-iconbutton",
			"autoHost": true,
			"resetPoint": 58880
		},
		"imagePref": {
			"prefix": "icon-",
			"png": true,
			"useClassSelector": true,
			"color": 4473924,
			"bgColor": 16777215,
			"classSelector": ".icon",
			"autoHost": true
		},
		"historySize": 100,
		"showCodes": true,
		"gridSize": 16,
		"showGrid": false,
		"quickUsageToken": {
			"UntitledProject": "MzllMWIwMzIzYmE5ODI2ZTZmMzg4Y2EwOTc0MDUxNGIjMSMxNDI5MDQ4MzU5IyMj"
		},
		"imageHostingName": false,
		"fontHostingName": false,
		"showLiga": true
	},
	"IcoMoonType": "icon-set"
}